id,country,year,gdp_growth,employment_thousands,sector
1,South Africa,2017,1.157946951817351,16536.302734375,Total
2,South Africa,2017,1.157946951817351,849.6207731755255,Agriculture
3,South Africa,2017,1.157946951817351,414.533397544058,Mining
4,South Africa,2017,1.157946951817351,1855.8184205482744,Manufacturing
5,South Africa,2017,1.157946951817351,187.1115981720818,Utilities
6,South Africa,2017,1.157946951817351,1381.0282350954312,Construction
7,South Africa,2017,1.157946951817351,3307.477348657651,Trade services
8,South Africa,2017,1.157946951817351,1026.5208543081094,Transport services
9,South Africa,2017,1.157946951817351,2495.8658372282,Finance and business services
10,South Africa,2017,1.157946951817351,5018.325501096948,Other services
11,South Africa,2007,5.360474053941616,13808.7041015625,Total
12,South Africa,2007,5.360474053941616,914.352,Agriculture
13,South Africa,2007,5.360474053941616,525.292,Mining
14,South Africa,2007,5.360474053941616,2090.214,Manufacturing
15,South Africa,2007,5.360474053941616,121.761,Utilities
16,South Africa,2007,5.360474053941616,1185.832,Construction
17,South Africa,2007,5.360474053941616,3545.51904296875,Trade services
18,South Africa,2007,5.360474053941616,762.86,Transport services
19,South Africa,2007,5.360474053941616,1680.6729736328125,Finance and business services
20,South Africa,2007,5.360474053941616,2982.200927734375,Other services
21,South Africa,2013,2.485468008265883,15159.4501953125,Total
22,South Africa,2013,2.485468008265883,755.293,Agriculture
23,South Africa,2013,2.485468008265883,415.591,Mining
24,South Africa,2013,2.485468008265883,1852.184,Manufacturing
25,South Africa,2013,2.485468008265883,131.444,Utilities
26,South Africa,2013,2.485468008265883,1166.214,Construction
27,South Africa,2013,2.485468008265883,3201.31982421875,Trade services
28,South Africa,2013,2.485468008265883,931.968,Transport services
29,South Africa,2013,2.485468008265883,2038.821044921875,Finance and business services
30,South Africa,2013,2.485468008265883,4666.61572265625,Other services
31,South Africa,2016,0.6645523078581164,16188.3525390625,Total
32,South Africa,2016,0.6645523078581164,888.2544861436935,Agriculture
33,South Africa,2016,0.6645523078581164,425.228253725863,Mining
34,South Africa,2016,0.6645523078581164,1770.5415501356842,Manufacturing
35,South Africa,2016,0.6645523078581164,150.17526788312014,Utilities
36,South Africa,2016,0.6645523078581164,1409.379358214008,Construction
37,South Africa,2016,0.6645523078581164,3239.1496412848765,Trade services
38,South Africa,2016,0.6645523078581164,956.877108195538,Transport services
39,South Africa,2016,0.6645523078581164,2367.06548118925,Finance and business services
40,South Africa,2016,0.6645523078581164,4981.6810499565,Other services
41,South Africa,2012,2.396232384657452,14709.78515625,Total
42,South Africa,2012,2.396232384657452,711.722,Agriculture
43,South Africa,2012,2.396232384657452,380.098,Mining
44,South Africa,2012,2.396232384657452,1855.292,Manufacturing
45,South Africa,2012,2.396232384657452,103.555,Utilities
46,South Africa,2012,2.396232384657452,1109.862,Construction
47,South Africa,2012,2.396232384657452,3208.6640625,Trade services
48,South Africa,2012,2.396232384657452,876.508,Transport services
49,South Africa,2012,2.396232384657452,1939.0789794921875,Finance and business services
50,South Africa,2012,2.396232384657452,4525.0048828125,Other services
51,South Africa,2004,4.554559907217737,12190.306640625,Total
52,South Africa,2004,4.554559907217737,1104.793,Agriculture
53,South Africa,2004,4.554559907217737,570.859,Mining
54,South Africa,2004,4.554559907217737,1964.137,Manufacturing
55,South Africa,2004,4.554559907217737,121.716,Utilities
56,South Africa,2004,4.554559907217737,862.718,Construction
57,South Africa,2004,4.554559907217737,2924.472900390625,Trade services
58,South Africa,2004,4.554559907217737,682.306,Transport services
59,South Africa,2004,4.554559907217737,1318.0670166015625,Finance and business services
60,South Africa,2004,4.554559907217737,2641.238037109375,Other services
61,South Africa,1999,2.3999999974633823,11584.673828125,Total
62,South Africa,1999,2.3999999974633823,1164.069,Agriculture
63,South Africa,1999,2.3999999974633823,609.504,Mining
64,South Africa,1999,2.3999999974633823,1751.053,Manufacturing
65,South Africa,1999,2.3999999974633823,103.494,Utilities
66,South Africa,1999,2.3999999974633823,699.75,Construction
67,South Africa,1999,2.3999999974633823,2814.589111328125,Trade services
68,South Africa,1999,2.3999999974633823,645.595,Transport services
69,South Africa,1999,2.3999999974633823,1009.198974609375,Finance and business services
70,South Africa,1999,2.3999999974633823,2787.4208984375,Other services
71,South Africa,2015,1.3218622367822943,16130.1015625,Total
72,South Africa,2015,1.3218622367822943,831.181632753459,Agriculture
73,South Africa,2015,1.3218622367822943,487.8100336861896,Mining
74,South Africa,2015,1.3218622367822943,1781.5890224265806,Manufacturing
75,South Africa,2015,1.3218622367822943,141.07676486121798,Utilities
76,South Africa,2015,1.3218622367822943,1367.2960913749027,Construction
77,South Africa,2015,1.3218622367822943,3297.511914059293,Trade services
78,South Africa,2015,1.3218622367822943,895.7477224263237,Transport services
79,South Africa,2015,1.3218622367822943,2310.520929428931,Finance and business services
80,South Africa,2015,1.3218622367822943,5017.367854153869,Other services
81,South Africa,2011,3.168556278588184,14377.880859375,Total
82,South Africa,2011,3.168556278588184,661.444,Agriculture
83,South Africa,2011,3.168556278588184,339.41,Mining
84,South Africa,2011,3.168556278588184,1912.829,Manufacturing
85,South Africa,2011,3.168556278588184,92.404,Utilities
86,South Africa,2011,3.168556278588184,1131.564,Construction
87,South Africa,2011,3.168556278588184,3215.19091796875,Trade services
88,South Africa,2011,3.168556278588184,827.438,Transport services
89,South Africa,2011,3.168556278588184,1859.5350341796875,Finance and business services
90,South Africa,2011,3.168556278588184,4338.06591796875,Other services
91,South Africa,2003,2.94907546754213,11830.1220703125,Total
92,South Africa,2003,2.94907546754213,1171.998,Agriculture
93,South Africa,2003,2.94907546754213,651.495,Mining
94,South Africa,2003,2.94907546754213,1844.561,Manufacturing
95,South Africa,2003,2.94907546754213,103.812,Utilities
96,South Africa,2003,2.94907546754213,708.802,Construction
97,South Africa,2003,2.94907546754213,2818.561767578125,Trade services
98,South Africa,2003,2.94907546754213,660.563,Transport services
99,South Africa,2003,2.94907546754213,1265.8519287109375,Finance and business services
100,South Africa,2003,2.94907546754213,2604.47705078125,Other services
101,South Africa,2000,4.2000000006782585,11884.9345703125,Total
102,South Africa,2000,4.2000000006782585,1179.646,Agriculture
103,South Africa,2000,4.2000000006782585,626.365,Mining
104,South Africa,2000,4.2000000006782585,1787.116,Manufacturing
105,South Africa,2000,4.2000000006782585,105.229,Utilities
106,South Africa,2000,4.2000000006782585,720.374,Construction
107,South Africa,2000,4.2000000006782585,2887.2158203125,Trade services
108,South Africa,2000,4.2000000006782585,661.754,Transport services
109,South Africa,2000,4.2000000006782585,1058.0679931640625,Finance and business services
110,South Africa,2000,4.2000000006782585,2859.1669921875,Other services
111,South Africa,2009,-1.5380891352558308,14595.646484375,Total
112,South Africa,2009,-1.5380891352558308,739.856,Agriculture
113,South Africa,2009,-1.5380891352558308,346.832,Mining
114,South Africa,2009,-1.5380891352558308,2010.916,Manufacturing
115,South Africa,2009,-1.5380891352558308,106.72,Utilities
116,South Africa,2009,-1.5380891352558308,1221.306,Construction
117,South Africa,2009,-1.5380891352558308,3208.25,Trade services
118,South Africa,2009,-1.5380891352558308,821.027,Transport services
119,South Africa,2009,-1.5380891352558308,1915.467041015625,Finance and business services
120,South Africa,2009,-1.5380891352558308,4225.27197265625,Other services
121,South Africa,1991,-1.0182449675445042,9436.1015625,Total
122,South Africa,1991,-1.0182449675445042,1037.3091745504066,Agriculture
123,South Africa,1991,-1.0182449675445042,607.2623111231554,Mining
124,South Africa,1991,-1.0182449675445042,1623.6198563854075,Manufacturing
125,South Africa,1991,-1.0182449675445042,71.06369142492693,Utilities
126,South Africa,1991,-1.0182449675445042,507.8434540639142,Construction
127,South Africa,1991,-1.0182449675445042,2237.4028955532594,Trade services
128,South Africa,1991,-1.0182449675445042,509.81683240690296,Transport services
129,South Africa,1991,-1.0182449675445042,642.5104324003395,Finance and business services
130,South Africa,1991,-1.0182449675445042,2199.2733500341647,Other services
131,South Africa,1987,2.100729020536747,7764.2197265625,Total
132,South Africa,1987,2.100729020536747,1006.7676728284428,Agriculture
133,South Africa,1987,2.100729020536747,541.5058524856188,Mining
134,South Africa,1987,2.100729020536747,1498.2204093515884,Manufacturing
135,South Africa,1987,2.100729020536747,62.24049034083877,Utilities
136,South Africa,1987,2.100729020536747,490.1846760062908,Construction
137,South Africa,1987,2.100729020536747,1638.7044420736388,Trade services
138,South Africa,1987,2.100729020536747,423.37661728741216,Transport services
139,South Africa,1987,2.100729020536747,434.0288919878935,Finance and business services
140,South Africa,1987,2.100729020536747,1669.1908079358243,Other services
141,South Africa,1990,-0.3177604265403744,9024.0693359375,Total
142,South Africa,1990,-0.3177604265403744,1029.0643804476283,Agriculture
143,South Africa,1990,-0.3177604265403744,606.0347746139112,Mining
144,South Africa,1990,-0.3177604265403744,1613.0984412733842,Manufacturing
145,South Africa,1990,-0.3177604265403744,67.29088478889544,Utilities
146,South Africa,1990,-0.3177604265403744,523.1407776450646,Construction
147,South Africa,1990,-0.3177604265403744,2086.000966913084,Trade services
148,South Africa,1990,-0.3177604265403744,495.5035764396725,Transport services
149,South Africa,1990,-0.3177604265403744,594.8503356433372,Finance and business services
150,South Africa,1990,-0.3177604265403744,2009.084776828924,Other services
151,South Africa,1980,6.62058342724157,6387.1318359375,Total
152,South Africa,1980,6.62058342724157,912.9696282535834,Agriculture
153,South Africa,1980,6.62058342724157,476.96317380756057,Mining
154,South Africa,1980,6.62058342724157,1325.3179615826673,Manufacturing
155,South Africa,1980,6.62058342724157,43.57721381878292,Utilities
156,South Africa,1980,6.62058342724157,350.67785245933965,Construction
157,South Africa,1980,6.62058342724157,1332.481309602094,Trade services
158,South Africa,1980,6.62058342724157,346.60914380117424,Transport services
159,South Africa,1980,6.62058342724157,288.7621238256948,Finance and business services
160,South Africa,1980,6.62058342724157,1309.7732891779729,Other services
161,South Africa,1985,-1.2115408824038667,7247.0869140625,Total
162,South Africa,1985,-1.2115408824038667,988.293109034695,Agriculture
163,South Africa,1985,-1.2115408824038667,493.6640021150931,Mining
164,South Africa,1985,-1.2115408824038667,1453.772942540617,Manufacturing
165,South Africa,1985,-1.2115408824038667,58.88182874882508,Utilities
166,South Africa,1985,-1.2115408824038667,493.70714830817167,Construction
167,South Africa,1985,-1.2115408824038667,1496.0263813681536,Trade services
168,South Africa,1985,-1.2115408824038667,394.4420327380303,Transport services
169,South Africa,1985,-1.2115408824038667,397.7682550944341,Finance and business services
170,South Africa,1985,-1.2115408824038667,1470.5310741658277,Other services
171,South Africa,1981,5.360791059640448,6551.28662109375,Total
172,South Africa,1981,5.360791059640448,929.010791054508,Agriculture
173,South Africa,1981,5.360791059640448,470.2058434950362,Mining
174,South Africa,1981,5.360791059640448,1385.2375139078777,Manufacturing
175,South Africa,1981,5.360791059640448,45.21449739817481,Utilities
176,South Africa,1981,5.360791059640448,402.39940435879953,Construction
177,South Africa,1981,5.360791059640448,1343.8200540132375,Trade services
178,South Africa,1981,5.360791059640448,359.1988092083932,Transport services
179,South Africa,1981,5.360791059640448,306.63893430414186,Finance and business services
180,South Africa,1981,5.360791059640448,1309.5606766977703,Other services
181,South Africa,1983,-1.8465577459506333,6898.32275390625,Total
182,South Africa,1983,-1.8465577459506333,961.245301940123,Agriculture
183,South Africa,1983,-1.8465577459506333,448.47045717579465,Mining
184,South Africa,1983,-1.8465577459506333,1416.758834701637,Manufacturing
185,South Africa,1983,-1.8465577459506333,52.69359708028353,Utilities
186,South Africa,1983,-1.8465577459506333,459.7490130731391,Construction
187,South Africa,1983,-1.8465577459506333,1412.4100769200095,Trade services
188,South Africa,1983,-1.8465577459506333,372.1864218104808,Transport services
189,South Africa,1983,-1.8465577459506333,357.6182341900504,Finance and business services
190,South Africa,1983,-1.8465577459506333,1417.1906077137523,Other services
191,South Africa,1982,-0.3834191083754348,6727.025390625,Total
192,South Africa,1982,-0.3834191083754348,945.2668895096282,Agriculture
193,South Africa,1982,-0.3834191083754348,450.2458435683173,Mining
194,South Africa,1982,-0.3834191083754348,1415.643514003367,Manufacturing
195,South Africa,1982,-0.3834191083754348,48.46598069357974,Utilities
196,South Africa,1982,-0.3834191083754348,442.1338323373787,Construction
197,South Africa,1982,-0.3834191083754348,1377.0117592089423,Trade services
198,South Africa,1982,-0.3834191083754348,366.5049249199538,Transport services
199,South Africa,1982,-0.3834191083754348,329.0690758583811,Finance and business services
200,South Africa,1982,-0.3834191083754348,1352.6833731569957,Other services
201,South Africa,1966,4.438386089468892,5157.68408203125,Total
202,South Africa,1966,4.438386089468892,1259.3349951858204,Agriculture
203,South Africa,1966,4.438386089468892,403.8705167811873,Mining
204,South Africa,1966,4.438386089468892,870.5381152265808,Manufacturing
205,South Africa,1966,4.438386089468892,23.38754947965197,Utilities
206,South Africa,1966,4.438386089468892,296.5190290317609,Construction
207,South Africa,1966,4.438386089468892,948.6326688851566,Trade services
208,South Africa,1966,4.438386089468892,245.3271812875017,Transport services
209,South Africa,1966,4.438386089468892,175.32253850244405,Finance and business services
210,South Africa,1966,4.438386089468892,934.75150307997,Other services
211,South Africa,1974,6.111122103721883,5894.05029296875,Total
212,South Africa,1974,6.111122103721883,1088.4364460506397,Agriculture
213,South Africa,1974,6.111122103721883,387.58377946619606,Mining
214,South Africa,1974,6.111122103721883,1084.1577196858718,Manufacturing
215,South Africa,1974,6.111122103721883,32.64671404671043,Utilities
216,South Africa,1974,6.111122103721883,478.15246963537777,Construction
217,South Africa,1974,6.111122103721883,1181.3275135779663,Trade services
218,South Africa,1974,6.111122103721883,310.5224530913422,Transport services
219,South Africa,1974,6.111122103721883,234.96215488273225,Finance and business services
220,South Africa,1974,6.111122103721883,1096.2611897976142,Other services
221,South Africa,1972,1.6548297088469894,5768.84130859375,Total
222,South Africa,1972,1.6548297088469894,1118.6742026240452,Agriculture
223,South Africa,1972,1.6548297088469894,392.5245668044325,Mining
224,South Africa,1972,1.6548297088469894,1038.2174592516262,Manufacturing
225,South Africa,1972,1.6548297088469894,31.143238968002752,Utilities
226,South Africa,1972,1.6548297088469894,390.2485135926301,Construction
227,South Africa,1972,1.6548297088469894,1176.3153121542637,Trade services
228,South Africa,1972,1.6548297088469894,301.1229473051946,Transport services
229,South Africa,1972,1.6548297088469894,228.7514508108626,Finance and business services
230,South Africa,1972,1.6548297088469894,1091.8437147158518,Other services
231,South Africa,1971,4.278934402969824,5701.13818359375,Total
232,South Africa,1971,4.278934402969824,1129.9241348987273,Agriculture
233,South Africa,1971,4.278934402969824,402.25025904301066,Mining
234,South Africa,1971,4.278934402969824,1014.01375660268,Manufacturing
235,South Africa,1971,4.278934402969824,30.251490772124185,Utilities
236,South Africa,1971,4.278934402969824,383.54081894170895,Construction
237,South Africa,1971,4.278934402969824,1141.3029355012309,Trade services
238,South Africa,1971,4.278934402969824,298.4160876357748,Transport services
239,South Africa,1971,4.278934402969824,216.53382362463617,Finance and business services
240,South Africa,1971,4.278934402969824,1084.904664005967,Other services
241,South Africa,1967,7.196523065141065,5273.88818359375,Total
242,South Africa,1967,7.196523065141065,1228.4156361668342,Agriculture
243,South Africa,1967,7.196523065141065,396.3478700315516,Mining
244,South Africa,1967,7.196523065141065,902.9974389017644,Manufacturing
245,South Africa,1967,7.196523065141065,24.0180168028734,Utilities
246,South Africa,1967,7.196523065141065,329.8127330266698,Construction
247,South Africa,1967,7.196523065141065,979.8600231290092,Trade services
248,South Africa,1967,7.196523065141065,253.9513683171301,Transport services
249,South Africa,1967,7.196523065141065,184.1354952994478,Finance and business services
250,South Africa,1967,7.196523065141065,974.3498436481852,Other services
251,South Africa,1964,7.939608644806768,4930.19775390625,Total
252,South Africa,1964,7.939608644806768,1319.691574491004,Agriculture
253,South Africa,1964,7.939608644806768,399.99459946236095,Mining
254,South Africa,1964,7.939608644806768,779.0277139144246,Manufacturing
256,South Africa,1964,7.939608644806768,263.57357500681394,Construction
257,South Africa,1964,7.939608644806768,894.0937521449333,Trade services
258,South Africa,1964,7.939608644806768,222.1013984839124,Transport services
259,South Africa,1964,7.939608644806768,158.6646218766137,Finance and business services
260,South Africa,1964,7.939608644806768,872.3711271947464,Other services
261,South Africa,1965,6.122798096014421,5064.76123046875,Total
262,South Africa,1965,6.122798096014421,1289.4392248081958,Agriculture
263,South Africa,1965,6.122798096014421,401.7970466842861,Mining
264,South Africa,1965,6.122798096014421,850.2838291711755,Manufacturing
265,South Africa,1965,6.122798096014421,21.60922286455478,Utilities
266,South Africa,1965,6.122798096014421,278.73761462765015,Construction
267,South Africa,1965,6.122798096014421,920.9595595238056,Trade services
268,South Africa,1965,6.122798096014421,233.04077235218767,Transport services
269,South Africa,1965,6.122798096014421,166.78574124183953,Finance and business services
270,South Africa,1965,6.122798096014421,902.1083583508064,Other services
271,South Africa,2014,1.4138264522379274,15415.9423828125,Total
272,South Africa,2014,1.4138264522379274,716.767,Agriculture
273,South Africa,2014,1.4138264522379274,431.21,Mining
274,South Africa,2014,1.4138264522379274,1793.135,Manufacturing
275,South Africa,2014,1.4138264522379274,118.438,Utilities
276,South Africa,2014,1.4138264522379274,1267.911,Construction
277,South Africa,2014,1.4138264522379274,3263.975830078125,Trade services
278,South Africa,2014,1.4138264522379274,947.216,Transport services
279,South Africa,2014,1.4138264522379274,2072.48291015625,Finance and business services
280,South Africa,2014,1.4138264522379274,4804.80712890625,Other services
281,South Africa,2008,3.1910438863287998,15076.0537109375,Total
282,South Africa,2008,3.1910438863287998,852.899,Agriculture
283,South Africa,2008,3.1910438863287998,361.973,Mining
284,South Africa,2008,3.1910438863287998,2159.708,Manufacturing
285,South Africa,2008,3.1910438863287998,106.162,Utilities
286,South Africa,2008,3.1910438863287998,1257.695,Construction
287,South Africa,2008,3.1910438863287998,3430.06591796875,Trade services
288,South Africa,2008,3.1910438863287998,849.654,Transport services
289,South Africa,2008,3.1910438863287998,1843.1939697265625,Finance and business services
290,South Africa,2008,3.1910438863287998,4214.703125,Other services
291,South Africa,2006,5.603806458958886,13442.654296875,Total
292,South Africa,2006,5.603806458958886,911.276,Agriculture
293,South Africa,2006,5.603806458958886,488.537,Mining
294,South Africa,2006,5.603806458958886,2098.009,Manufacturing
295,South Africa,2006,5.603806458958886,134.467,Utilities
296,South Africa,2006,5.603806458958886,1107.567,Construction
297,South Africa,2006,5.603806458958886,3682.74609375,Trade services
298,South Africa,2006,5.603806458958886,706.831,Transport services
299,South Africa,2006,5.603806458958886,1524.2120361328125,Finance and business services
300,South Africa,2006,5.603806458958886,2789.009033203125,Other services
301,South Africa,2010,3.039732881279562,14150.99609375,Total
302,South Africa,2010,3.039732881279562,687.11,Agriculture
303,South Africa,2010,3.039732881279562,334.165,Mining
304,South Africa,2010,3.039732881279562,1888.784,Manufacturing
305,South Africa,2010,3.039732881279562,96.42,Utilities
306,South Africa,2010,3.039732881279562,1133.905,Construction
307,South Africa,2010,3.039732881279562,3158.4970703125,Trade services
308,South Africa,2010,3.039732881279562,835.362,Transport services
309,South Africa,2010,3.039732881279562,1796.97705078125,Finance and business services
310,South Africa,2010,3.039732881279562,4219.77587890625,Other services
311,South Africa,2002,3.700374404066679,11784.876953125,Total
312,South Africa,2002,3.700374404066679,1287.7,Agriculture
313,South Africa,2002,3.700374404066679,657.364,Mining
314,South Africa,2002,3.700374404066679,1925.98,Manufacturing
315,South Africa,2002,3.700374404066679,98.972,Utilities
316,South Africa,2002,3.700374404066679,683.247,Construction
317,South Africa,2002,3.700374404066679,2709.195068359375,Trade services
318,South Africa,2002,3.700374404066679,682.476,Transport services
319,South Africa,2002,3.700374404066679,1272.219970703125,Finance and business services
320,South Africa,2002,3.700374404066679,2467.722900390625,Other services
321,South Africa,2005,5.277051972954666,12859.3564453125,Total
322,South Africa,2005,5.277051972954666,905.652,Agriculture
323,South Africa,2005,5.277051972954666,497.354,Mining
324,South Africa,2005,5.277051972954666,2011.092,Manufacturing
325,South Africa,2005,5.277051972954666,129.222,Utilities
326,South Africa,2005,5.277051972954666,1027.829,Construction
327,South Africa,2005,5.277051972954666,3366.2099609375,Trade services
328,South Africa,2005,5.277051972954666,727.207,Transport services
329,South Africa,2005,5.277051972954666,1459.1109619140625,Finance and business services
330,South Africa,2005,5.277051972954666,2735.67919921875,Other services
331,South Africa,2001,2.70000000019104,12022.0302734375,Total
332,South Africa,2001,2.70000000019104,1168.987,Agriculture
333,South Africa,2001,2.70000000019104,644.276,Mining
334,South Africa,2001,2.70000000019104,1876.508,Manufacturing
335,South Africa,2001,2.70000000019104,111.482,Utilities
336,South Africa,2001,2.70000000019104,721.997,Construction
337,South Africa,2001,2.70000000019104,3221.715087890625,Trade services
338,South Africa,2001,2.70000000019104,655.334,Transport services
339,South Africa,2001,2.70000000019104,1195.404052734375,Finance and business services
340,South Africa,2001,2.70000000019104,2426.326904296875,Other services
341,South Africa,1997,2.6000000014634708,11037.64453125,Total
342,South Africa,1997,2.6000000014634708,1134.25,Agriculture
343,South Africa,1997,2.6000000014634708,582.482,Mining
344,South Africa,1997,2.6000000014634708,1710.322,Manufacturing
345,South Africa,1997,2.6000000014634708,96.235,Utilities
346,South Africa,1997,2.6000000014634708,665.567,Construction
347,South Africa,1997,2.6000000014634708,2654.225830078125,Trade services
348,South Africa,1997,2.6000000014634708,611.399,Transport services
349,South Africa,1997,2.6000000014634708,937.5759887695312,Finance and business services
350,South Africa,1997,2.6000000014634708,2645.587890625,Other services
351,South Africa,1992,-2.1370328450052085,9618.4921875,Total
352,South Africa,1992,-2.1370328450052085,1046.692752369038,Agriculture
353,South Africa,1992,-2.1370328450052085,559.7771134387514,Mining
354,South Africa,1992,-2.1370328450052085,1599.0159630871142,Manufacturing
355,South Africa,1992,-2.1370328450052085,76.01128927732444,Utilities
356,South Africa,1992,-2.1370328450052085,529.012068248144,Construction
357,South Africa,1992,-2.1370328450052085,2283.8368565235737,Trade services
358,South Africa,1992,-2.1370328450052085,520.7106803455024,Transport services
359,South Africa,1992,-2.1370328450052085,711.1772142394093,Finance and business services
360,South Africa,1992,-2.1370328450052085,2292.258390833434,Other services
361,South Africa,1994,3.20000000297172,10128.8056640625,Total
362,South Africa,1994,3.20000000297172,1080.562,Agriculture
363,South Africa,1994,3.20000000297172,541.407,Mining
364,South Africa,1994,3.20000000297172,1624.561,Manufacturing
365,South Africa,1994,3.20000000297172,83.451,Utilities
366,South Africa,1994,3.20000000297172,603.235,Construction
367,South Africa,1994,3.20000000297172,2411.8759765625,Trade services
368,South Africa,1994,3.20000000297172,557.14,Transport services
369,South Africa,1994,3.20000000297172,810.2109985351562,Finance and business services
370,South Africa,1994,3.20000000297172,2416.363037109375,Other services
371,South Africa,1996,4.299999997267918,10746.9990234375,Total
372,South Africa,1996,4.299999997267918,1118.029,Agriculture
373,South Africa,1996,4.299999997267918,569.458,Mining
374,South Africa,1996,4.299999997267918,1683.381,Manufacturing
375,South Africa,1996,4.299999997267918,91.966,Utilities
376,South Africa,1996,4.299999997267918,645.441,Construction
377,South Africa,1996,4.299999997267918,2575.014892578125,Trade services
378,South Africa,1996,4.299999997267918,594.035,Transport services
379,South Africa,1996,4.299999997267918,897.375,Finance and business services
380,South Africa,1996,4.299999997267918,2572.299072265625,Other services
381,South Africa,1998,0.50000000034143,11356.6162109375,Total
382,South Africa,1998,0.50000000034143,1154.778,Agriculture
383,South Africa,1998,0.50000000034143,599.568,Mining
384,South Africa,1998,0.50000000034143,1742.317,Manufacturing
385,South Africa,1998,0.50000000034143,99.675,Utilities
386,South Africa,1998,0.50000000034143,684.984,Construction
387,South Africa,1998,0.50000000034143,2746.5361328125,Trade services
388,South Africa,1998,0.50000000034143,631.096,Transport services
389,South Africa,1998,0.50000000034143,971.56396484375,Finance and business services
390,South Africa,1998,0.50000000034143,2726.09814453125,Other services
391,South Africa,1995,3.1000000005441137,10478.5830078125,Total
392,South Africa,1995,3.1000000005441137,1103.426,Agriculture
393,South Africa,1995,3.1000000005441137,558.789,Mining
394,South Africa,1995,3.1000000005441137,1669.599,Manufacturing
395,South Africa,1995,3.1000000005441137,86.871,Utilities
396,South Africa,1995,3.1000000005441137,626.022,Construction
397,South Africa,1995,3.1000000005441137,2502.303955078125,Trade services
398,South Africa,1995,3.1000000005441137,577.397,Transport services
399,South Africa,1995,3.1000000005441137,852.6900024414062,Finance and business services
400,South Africa,1995,3.1000000005441137,2501.485107421875,Other services
401,South Africa,1993,1.233557938647408,9796.0908203125,Total
402,South Africa,1993,1.233557938647408,1056.703,Agriculture
403,South Africa,1993,1.233557938647408,524.596,Mining
404,South Africa,1993,1.233557938647408,1585.222,Manufacturing
405,South Africa,1993,1.233557938647408,79.455,Utilities
406,South Africa,1993,1.233557938647408,580.727,Construction
407,South Africa,1993,1.233557938647408,2325.506103515625,Trade services
408,South Africa,1993,1.233557938647408,537.911,Transport services
409,South Africa,1993,1.233557938647408,771.1119995117188,Finance and business services
410,South Africa,1993,1.233557938647408,2334.85888671875,Other services
411,South Africa,1988,4.2001096483818685,8198.5615234375,Total
412,South Africa,1988,4.2001096483818685,1013.2854766699616,Agriculture
413,South Africa,1988,4.2001096483818685,553.6528859288761,Mining
414,South Africa,1988,4.2001096483818685,1554.9817197252444,Manufacturing
415,South Africa,1988,4.2001096483818685,63.871586400081895,Utilities
416,South Africa,1988,4.2001096483818685,501.377004639745,Construction
417,South Africa,1988,4.2001096483818685,1802.207577750143,Trade services
418,South Africa,1988,4.2001096483818685,449.2941290444462,Transport services
419,South Africa,1988,4.2001096483818685,484.6781974431345,Finance and business services
420,South Africa,1988,4.2001096483818685,1775.213145376153,Other services
421,South Africa,1989,2.3947951153840563,8615.634765625,Total
422,South Africa,1989,2.3947951153840563,1020.884004499212,Agriculture
423,South Africa,1989,2.3947951153840563,581.8410740069211,Mining
424,South Africa,1989,2.3947951153840563,1575.1933203722788,Manufacturing
425,South Africa,1989,2.3947951153840563,65.46438648309137,Utilities
426,South Africa,1989,2.3947951153840563,512.7962809948599,Construction
427,South Africa,1989,2.3947951153840563,1966.249817987152,Trade services
428,South Africa,1989,2.3947951153840563,472.2672382559732,Transport services
429,South Africa,1989,2.3947951153840563,535.1883005304344,Finance and business services
430,South Africa,1989,2.3947951153840563,1885.750667381256,Other services
431,South Africa,1979,3.7905192640578207,6298.0869140625,Total
432,South Africa,1979,3.7905192640578207,950.6246453901648,Agriculture
433,South Africa,1979,3.7905192640578207,459.226043877118,Mining
434,South Africa,1979,3.7905192640578207,1268.7686434472223,Manufacturing
435,South Africa,1979,3.7905192640578207,43.34173229323804,Utilities
436,South Africa,1979,3.7905192640578207,310.9804771700112,Construction
437,South Africa,1979,3.7905192640578207,1334.6489538127005,Trade services
438,South Africa,1979,3.7905192640578207,334.964833755288,Transport services
439,South Africa,1979,3.7905192640578207,271.140634106224,Finance and business services
440,South Africa,1979,3.7905192640578207,1324.391026222904,Other services
441,South Africa,1978,3.014479779129232,6210.353515625,Total
442,South Africa,1978,3.014479779129232,985.1472515935552,Agriculture
443,South Africa,1978,3.014479779129232,436.5135279435482,Mining
444,South Africa,1978,3.014479779129232,1217.2713885047444,Manufacturing
445,South Africa,1978,3.014479779129232,42.554097905277374,Utilities
446,South Africa,1978,3.014479779129232,317.88458631429074,Construction
447,South Africa,1978,3.014479779129232,1303.9859303001465,Trade services
448,South Africa,1978,3.014479779129232,325.7447025401348,Transport services
449,South Africa,1978,3.014479779129232,258.2316850525454,Finance and business services
450,South Africa,1978,3.014479779129232,1323.0203676597048,Other services
451,South Africa,1986,0.0178492401652192,7341.61181640625,Total
452,South Africa,1986,0.0178492401652192,998.7592870979812,Agriculture
453,South Africa,1986,0.0178492401652192,514.9713524461404,Mining
454,South Africa,1986,0.0178492401652192,1433.6685934658751,Manufacturing
455,South Africa,1986,0.0178492401652192,59.77493918986013,Utilities
456,South Africa,1986,0.0178492401652192,476.57747862558256,Construction
457,South Africa,1986,0.0178492401652192,1509.7039982694128,Trade services
458,South Africa,1986,0.0178492401652192,398.6787402364697,Transport services
459,South Africa,1986,0.0178492401652192,402.55395600115486,Finance and business services
460,South Africa,1986,0.0178492401652192,1546.9235350752083,Other services
461,South Africa,1977,-0.0939791161255811,6119.21728515625,Total
462,South Africa,1977,-0.0939791161255811,1016.1469769507494,Agriculture
463,South Africa,1977,-0.0939791161255811,419.7902745754385,Mining
464,South Africa,1977,-0.0939791161255811,1175.5125045862787,Manufacturing
465,South Africa,1977,-0.0939791161255811,40.48747518217197,Utilities
466,South Africa,1977,-0.0939791161255811,362.9370820669054,Construction
467,South Africa,1977,-0.0939791161255811,1255.1503862565655,Trade services
468,South Africa,1977,-0.0939791161255811,321.2265717514629,Transport services
469,South Africa,1977,-0.0939791161255811,246.2201505477438,Finance and business services
470,South Africa,1977,-0.0939791161255811,1281.745659459123,Other services
471,South Africa,1975,1.6954337793109886,5972.54833984375,Total
472,South Africa,1975,1.6954337793109886,1067.9332315769889,Agriculture
473,South Africa,1975,1.6954337793109886,359.48303027981365,Mining
474,South Africa,1975,1.6954337793109886,1106.2206952998886,Manufacturing
475,South Africa,1975,1.6954337793109886,36.494804429530014,Utilities
476,South Africa,1975,1.6954337793109886,467.6712908502331,Construction
477,South Africa,1975,1.6954337793109886,1185.574155557564,Trade services
478,South Africa,1975,1.6954337793109886,313.0815374392224,Transport services
479,South Africa,1975,1.6954337793109886,235.37618629849007,Finance and business services
480,South Africa,1975,1.6954337793109886,1200.713361007177,Other services
481,South Africa,1984,5.099151630014774,7071.38427734375,Total
482,South Africa,1984,5.099151630014774,975.9360809388616,Agriculture
483,South Africa,1984,5.099151630014774,464.4081550185074,Mining
484,South Africa,1984,5.099151630014774,1437.7960452780833,Manufacturing
485,South Africa,1984,5.099151630014774,56.00239824792527,Utilities
486,South Africa,1984,5.099151630014774,474.4606927221513,Construction
487,South Africa,1984,5.099151630014774,1450.664693949249,Trade services
488,South Africa,1984,5.099151630014774,381.857397524628,Transport services
489,South Africa,1984,5.099151630014774,378.8546613880961,Finance and business services
490,South Africa,1984,5.099151630014774,1451.404023512183,Other services
491,South Africa,1976,2.2498603291933392,6044.5634765625,Total
492,South Africa,1976,2.2498603291933392,1044.1774214905706,Agriculture
493,South Africa,1976,2.2498603291933392,379.6205462322784,Mining
494,South Africa,1976,2.2498603291933392,1152.3517846186153,Manufacturing
495,South Africa,1976,2.2498603291933392,38.07398206097473,Utilities
496,South Africa,1976,2.2498603291933392,436.4818372701368,Construction
497,South Africa,1976,2.2498603291933392,1207.759895342015,Trade services
498,South Africa,1976,2.2498603291933392,318.10134979205674,Transport services
499,South Africa,1976,2.2498603291933392,239.69629935688224,Finance and business services
500,South Africa,1976,2.2498603291933392,1228.3002496674603,Other services
501,South Africa,1963,7.373709248772229,4795.13720703125,Total
502,South Africa,1963,7.373709248772229,1349.5040461618305,Agriculture
503,South Africa,1963,7.373709248772229,392.05307519464907,Mining
504,South Africa,1963,7.373709248772229,716.1968254311768,Manufacturing
506,South Africa,1963,7.373709248772229,233.72604800052576,Construction
507,South Africa,1963,7.373709248772229,868.0116335042666,Trade services
508,South Africa,1963,7.373709248772229,211.97442767337915,Transport services
509,South Africa,1963,7.373709248772229,150.93892371809835,Finance and business services
510,South Africa,1963,7.373709248772229,852.943137623734,Other services
511,South Africa,1973,4.571944746372708,5819.443359375,Total
512,South Africa,1973,4.571944746372708,1104.867453345595,Agriculture
513,South Africa,1973,4.571944746372708,407.719524027321,Mining
514,South Africa,1973,4.571944746372708,1043.6837024294568,Manufacturing
515,South Africa,1973,4.571944746372708,31.84859600015711,Utilities
516,South Africa,1973,4.571944746372708,431.4436783985933,Construction
517,South Africa,1973,4.571944746372708,1171.235238782541,Trade services
518,South Africa,1973,4.571944746372708,305.9961883722433,Transport services
519,South Africa,1973,4.571944746372708,230.297861059162,Finance and business services
520,South Africa,1973,4.571944746372708,1092.3510282226073,Other services
521,South Africa,1968,4.153372982933462,5390.9541015625,Total
522,South Africa,1968,4.153372982933462,1198.239900308388,Agriculture
523,South Africa,1968,4.153372982933462,406.8075213116104,Mining
524,South Africa,1968,4.153372982933462,913.603029160827,Manufacturing
525,South Africa,1968,4.153372982933462,26.8594845709828,Utilities
526,South Africa,1968,4.153372982933462,338.04502501627184,Construction
527,South Africa,1968,4.153372982933462,1023.6355586067936,Trade services
528,South Africa,1968,4.153372982933462,270.190680145493,Transport services
529,South Africa,1968,4.153372982933462,190.92276659853144,Finance and business services
530,South Africa,1968,4.153372982933462,1022.650199160548,Other services
531,South Africa,1969,4.715902867222411,5494.1884765625,Total
532,South Africa,1969,4.715902867222411,1168.321420121404,Agriculture
533,South Africa,1969,4.715902867222411,401.1481898054665,Mining
534,South Africa,1969,4.715902867222411,955.0213265646032,Manufacturing
535,South Africa,1969,4.715902867222411,27.607345903664115,Utilities
536,South Africa,1969,4.715902867222411,355.99234585710246,Construction
537,South Africa,1969,4.715902867222411,1065.1550615006004,Trade services
538,South Africa,1969,4.715902867222411,286.9250914758966,Transport services
539,South Africa,1969,4.715902867222411,199.47940477012204,Finance and business services
540,South Africa,1969,4.715902867222411,1034.538046475699,Other services
541,South Africa,1970,5.248661431182924,5632.7451171875,Total
542,South Africa,1970,5.248661431182924,1138.6828149254557,Agriculture
543,South Africa,1970,5.248661431182924,417.5161096086651,Mining
544,South Africa,1970,5.248661431182924,1002.7261563454472,Manufacturing
545,South Africa,1970,5.248661431182924,29.329779937737783,Utilities
546,South Africa,1970,5.248661431182924,368.168911720443,Construction
547,South Africa,1970,5.248661431182924,1095.4323375063022,Trade services
548,South Africa,1970,5.248661431182924,296.6227700274322,Transport services
549,South Africa,1970,5.248661431182924,207.502067980245,Finance and business services
550,South Africa,1970,5.248661431182924,1076.7640592351354,Other services
551,South Africa,1962,6.177930850427458,4716.89697265625,Total
552,South Africa,1962,6.177930850427458,1379.366655587103,Agriculture
553,South Africa,1962,6.177930850427458,388.67446657215305,Mining
554,South Africa,1962,6.177930850427458,682.6332410024692,Manufacturing
556,South Africa,1962,6.177930850427458,224.4272326117706,Construction
557,South Africa,1962,6.177930850427458,842.6903645622627,Trade services
558,South Africa,1962,6.177930850427458,198.83252457850529,Transport services
559,South Africa,1962,6.177930850427458,143.58942120627682,Finance and business services
560,South Africa,1962,6.177930850427458,838.4219568383031,Other services
561,South Africa,1961,3.8447341417408873,4653.67724609375,Total
562,South Africa,1961,3.8447341417408873,1409.829562991286,Agriculture
563,South Africa,1961,3.8447341417408873,396.0186550666069,Mining
564,South Africa,1961,3.8447341417408873,653.8920316169241,Manufacturing
566,South Africa,1961,3.8447341417408873,221.5399672482336,Construction
567,South Africa,1961,3.8447341417408873,818.1077514499877,Trade services
568,South Africa,1961,3.8447341417408873,189.0553395326812,Transport services
569,South Africa,1961,3.8447341417408873,136.59777022981828,Finance and business services
570,South Africa,1961,3.8447341417408873,810.8371125287905,Other services
