REF_AREA_LABEL,TIME_PERIOD,GDP_Growth,Employment_Thousands,Sector
South Africa,2017,1.157946951817351,16536.302734375,Sector: Total
South Africa,2017,1.157946951817351,849.6207731755255,Sector: Agriculture
South Africa,2017,1.157946951817351,414.533397544058,Sector: Mining
South Africa,2017,1.157946951817351,1855.8184205482744,Sector: Manufacturing
South Africa,2017,1.157946951817351,187.1115981720818,Sector: Utilities
South Africa,2017,1.157946951817351,1381.0282350954312,Sector: Construction
South Africa,2017,1.157946951817351,3307.477348657651,Sector: Trade services
South Africa,2017,1.157946951817351,1026.5208543081094,Sector: Transport services
South Africa,2017,1.157946951817351,2495.8658372282,Sector: Finance and business services
South Africa,2017,1.157946951817351,5018.325501096948,Sector: Other services
South Africa,2007,5.360474053941616,13808.7041015625,Sector: Total
South Africa,2007,5.360474053941616,914.352,Sector: Agriculture
South Africa,2007,5.360474053941616,525.292,Sector: Mining
South Africa,2007,5.360474053941616,2090.214,Sector: Manufacturing
South Africa,2007,5.360474053941616,121.761,Sector: Utilities
South Africa,2007,5.360474053941616,1185.832,Sector: Construction
South Africa,2007,5.360474053941616,3545.51904296875,Sector: Trade services
South Africa,2007,5.360474053941616,762.86,Sector: Transport services
South Africa,2007,5.360474053941616,1680.6729736328125,Sector: Finance and business services
South Africa,2007,5.360474053941616,2982.200927734375,Sector: Other services
South Africa,2013,2.485468008265883,15159.4501953125,Sector: Total
South Africa,2013,2.485468008265883,755.293,Sector: Agriculture
South Africa,2013,2.485468008265883,415.591,Sector: Mining
South Africa,2013,2.485468008265883,1852.184,Sector: Manufacturing
South Africa,2013,2.485468008265883,131.444,Sector: Utilities
South Africa,2013,2.485468008265883,1166.214,Sector: Construction
South Africa,2013,2.485468008265883,3201.31982421875,Sector: Trade services
South Africa,2013,2.485468008265883,931.968,Sector: Transport services
South Africa,2013,2.485468008265883,2038.821044921875,Sector: Finance and business services
South Africa,2013,2.485468008265883,4666.61572265625,Sector: Other services
South Africa,2016,0.6645523078581164,16188.3525390625,Sector: Total
South Africa,2016,0.6645523078581164,888.2544861436935,Sector: Agriculture
South Africa,2016,0.6645523078581164,425.228253725863,Sector: Mining
South Africa,2016,0.6645523078581164,1770.5415501356842,Sector: Manufacturing
South Africa,2016,0.6645523078581164,150.17526788312014,Sector: Utilities
South Africa,2016,0.6645523078581164,1409.379358214008,Sector: Construction
South Africa,2016,0.6645523078581164,3239.1496412848765,Sector: Trade services
South Africa,2016,0.6645523078581164,956.877108195538,Sector: Transport services
South Africa,2016,0.6645523078581164,2367.06548118925,Sector: Finance and business services
South Africa,2016,0.6645523078581164,4981.6810499565,Sector: Other services
South Africa,2012,2.396232384657452,14709.78515625,Sector: Total
South Africa,2012,2.396232384657452,711.722,Sector: Agriculture
South Africa,2012,2.396232384657452,380.098,Sector: Mining
South Africa,2012,2.396232384657452,1855.292,Sector: Manufacturing
South Africa,2012,2.396232384657452,103.555,Sector: Utilities
South Africa,2012,2.396232384657452,1109.862,Sector: Construction
South Africa,2012,2.396232384657452,3208.6640625,Sector: Trade services
South Africa,2012,2.396232384657452,876.508,Sector: Transport services
South Africa,2012,2.396232384657452,1939.0789794921875,Sector: Finance and business services
South Africa,2012,2.396232384657452,4525.0048828125,Sector: Other services
South Africa,2004,4.554559907217737,12190.306640625,Sector: Total
South Africa,2004,4.554559907217737,1104.793,Sector: Agriculture
South Africa,2004,4.554559907217737,570.859,Sector: Mining
South Africa,2004,4.554559907217737,1964.137,Sector: Manufacturing
South Africa,2004,4.554559907217737,121.716,Sector: Utilities
South Africa,2004,4.554559907217737,862.718,Sector: Construction
South Africa,2004,4.554559907217737,2924.472900390625,Sector: Trade services
South Africa,2004,4.554559907217737,682.306,Sector: Transport services
South Africa,2004,4.554559907217737,1318.0670166015625,Sector: Finance and business services
South Africa,2004,4.554559907217737,2641.238037109375,Sector: Other services
South Africa,1999,2.3999999974633823,11584.673828125,Sector: Total
South Africa,1999,2.3999999974633823,1164.069,Sector: Agriculture
South Africa,1999,2.3999999974633823,609.504,Sector: Mining
South Africa,1999,2.3999999974633823,1751.053,Sector: Manufacturing
South Africa,1999,2.3999999974633823,103.494,Sector: Utilities
South Africa,1999,2.3999999974633823,699.75,Sector: Construction
South Africa,1999,2.3999999974633823,2814.589111328125,Sector: Trade services
South Africa,1999,2.3999999974633823,645.595,Sector: Transport services
South Africa,1999,2.3999999974633823,1009.198974609375,Sector: Finance and business services
South Africa,1999,2.3999999974633823,2787.4208984375,Sector: Other services
South Africa,2015,1.3218622367822943,16130.1015625,Sector: Total
South Africa,2015,1.3218622367822943,831.181632753459,Sector: Agriculture
South Africa,2015,1.3218622367822943,487.8100336861896,Sector: Mining
South Africa,2015,1.3218622367822943,1781.5890224265806,Sector: Manufacturing
South Africa,2015,1.3218622367822943,141.07676486121798,Sector: Utilities
South Africa,2015,1.3218622367822943,1367.2960913749027,Sector: Construction
South Africa,2015,1.3218622367822943,3297.511914059293,Sector: Trade services
South Africa,2015,1.3218622367822943,895.7477224263237,Sector: Transport services
South Africa,2015,1.3218622367822943,2310.520929428931,Sector: Finance and business services
South Africa,2015,1.3218622367822943,5017.367854153869,Sector: Other services
South Africa,2011,3.168556278588184,14377.880859375,Sector: Total
South Africa,2011,3.168556278588184,661.444,Sector: Agriculture
South Africa,2011,3.168556278588184,339.41,Sector: Mining
South Africa,2011,3.168556278588184,1912.829,Sector: Manufacturing
South Africa,2011,3.168556278588184,92.404,Sector: Utilities
South Africa,2011,3.168556278588184,1131.564,Sector: Construction
South Africa,2011,3.168556278588184,3215.19091796875,Sector: Trade services
South Africa,2011,3.168556278588184,827.438,Sector: Transport services
South Africa,2011,3.168556278588184,1859.5350341796875,Sector: Finance and business services
South Africa,2011,3.168556278588184,4338.06591796875,Sector: Other services
South Africa,2003,2.94907546754213,11830.1220703125,Sector: Total
South Africa,2003,2.94907546754213,1171.998,Sector: Agriculture
South Africa,2003,2.94907546754213,651.495,Sector: Mining
South Africa,2003,2.94907546754213,1844.561,Sector: Manufacturing
South Africa,2003,2.94907546754213,103.812,Sector: Utilities
South Africa,2003,2.94907546754213,708.802,Sector: Construction
South Africa,2003,2.94907546754213,2818.561767578125,Sector: Trade services
South Africa,2003,2.94907546754213,660.563,Sector: Transport services
South Africa,2003,2.94907546754213,1265.8519287109375,Sector: Finance and business services
South Africa,2003,2.94907546754213,2604.47705078125,Sector: Other services
South Africa,2000,4.2000000006782585,11884.9345703125,Sector: Total
South Africa,2000,4.2000000006782585,1179.646,Sector: Agriculture
South Africa,2000,4.2000000006782585,626.365,Sector: Mining
South Africa,2000,4.2000000006782585,1787.116,Sector: Manufacturing
South Africa,2000,4.2000000006782585,105.229,Sector: Utilities
South Africa,2000,4.2000000006782585,720.374,Sector: Construction
South Africa,2000,4.2000000006782585,2887.2158203125,Sector: Trade services
South Africa,2000,4.2000000006782585,661.754,Sector: Transport services
South Africa,2000,4.2000000006782585,1058.0679931640625,Sector: Finance and business services
South Africa,2000,4.2000000006782585,2859.1669921875,Sector: Other services
South Africa,2009,-1.5380891352558308,14595.646484375,Sector: Total
South Africa,2009,-1.5380891352558308,739.856,Sector: Agriculture
South Africa,2009,-1.5380891352558308,346.832,Sector: Mining
South Africa,2009,-1.5380891352558308,2010.916,Sector: Manufacturing
South Africa,2009,-1.5380891352558308,106.72,Sector: Utilities
South Africa,2009,-1.5380891352558308,1221.306,Sector: Construction
South Africa,2009,-1.5380891352558308,3208.25,Sector: Trade services
South Africa,2009,-1.5380891352558308,821.027,Sector: Transport services
South Africa,2009,-1.5380891352558308,1915.467041015625,Sector: Finance and business services
South Africa,2009,-1.5380891352558308,4225.27197265625,Sector: Other services
South Africa,1991,-1.0182449675445042,9436.1015625,Sector: Total
South Africa,1991,-1.0182449675445042,1037.3091745504066,Sector: Agriculture
South Africa,1991,-1.0182449675445042,607.2623111231554,Sector: Mining
South Africa,1991,-1.0182449675445042,1623.6198563854075,Sector: Manufacturing
South Africa,1991,-1.0182449675445042,71.06369142492693,Sector: Utilities
South Africa,1991,-1.0182449675445042,507.8434540639142,Sector: Construction
South Africa,1991,-1.0182449675445042,2237.4028955532594,Sector: Trade services
South Africa,1991,-1.0182449675445042,509.81683240690296,Sector: Transport services
South Africa,1991,-1.0182449675445042,642.5104324003395,Sector: Finance and business services
South Africa,1991,-1.0182449675445042,2199.2733500341647,Sector: Other services
South Africa,1987,2.100729020536747,7764.2197265625,Sector: Total
South Africa,1987,2.100729020536747,1006.7676728284428,Sector: Agriculture
South Africa,1987,2.100729020536747,541.5058524856188,Sector: Mining
South Africa,1987,2.100729020536747,1498.2204093515884,Sector: Manufacturing
South Africa,1987,2.100729020536747,62.24049034083877,Sector: Utilities
South Africa,1987,2.100729020536747,490.1846760062908,Sector: Construction
South Africa,1987,2.100729020536747,1638.7044420736388,Sector: Trade services
South Africa,1987,2.100729020536747,423.37661728741216,Sector: Transport services
South Africa,1987,2.100729020536747,434.0288919878935,Sector: Finance and business services
South Africa,1987,2.100729020536747,1669.1908079358243,Sector: Other services
South Africa,1990,-0.3177604265403744,9024.0693359375,Sector: Total
South Africa,1990,-0.3177604265403744,1029.0643804476283,Sector: Agriculture
South Africa,1990,-0.3177604265403744,606.0347746139112,Sector: Mining
South Africa,1990,-0.3177604265403744,1613.0984412733842,Sector: Manufacturing
South Africa,1990,-0.3177604265403744,67.29088478889544,Sector: Utilities
South Africa,1990,-0.3177604265403744,523.1407776450646,Sector: Construction
South Africa,1990,-0.3177604265403744,2086.000966913084,Sector: Trade services
South Africa,1990,-0.3177604265403744,495.5035764396725,Sector: Transport services
South Africa,1990,-0.3177604265403744,594.8503356433372,Sector: Finance and business services
South Africa,1990,-0.3177604265403744,2009.084776828924,Sector: Other services
South Africa,1980,6.62058342724157,6387.1318359375,Sector: Total
South Africa,1980,6.62058342724157,912.9696282535834,Sector: Agriculture
South Africa,1980,6.62058342724157,476.96317380756057,Sector: Mining
South Africa,1980,6.62058342724157,1325.3179615826673,Sector: Manufacturing
South Africa,1980,6.62058342724157,43.57721381878292,Sector: Utilities
South Africa,1980,6.62058342724157,350.67785245933965,Sector: Construction
South Africa,1980,6.62058342724157,1332.481309602094,Sector: Trade services
South Africa,1980,6.62058342724157,346.60914380117424,Sector: Transport services
South Africa,1980,6.62058342724157,288.7621238256948,Sector: Finance and business services
South Africa,1980,6.62058342724157,1309.7732891779729,Sector: Other services
South Africa,1985,-1.2115408824038667,7247.0869140625,Sector: Total
South Africa,1985,-1.2115408824038667,988.293109034695,Sector: Agriculture
South Africa,1985,-1.2115408824038667,493.6640021150931,Sector: Mining
South Africa,1985,-1.2115408824038667,1453.772942540617,Sector: Manufacturing
South Africa,1985,-1.2115408824038667,58.88182874882508,Sector: Utilities
South Africa,1985,-1.2115408824038667,493.70714830817167,Sector: Construction
South Africa,1985,-1.2115408824038667,1496.0263813681536,Sector: Trade services
South Africa,1985,-1.2115408824038667,394.4420327380303,Sector: Transport services
South Africa,1985,-1.2115408824038667,397.7682550944341,Sector: Finance and business services
South Africa,1985,-1.2115408824038667,1470.5310741658277,Sector: Other services
South Africa,1981,5.360791059640448,6551.28662109375,Sector: Total
South Africa,1981,5.360791059640448,929.010791054508,Sector: Agriculture
South Africa,1981,5.360791059640448,470.2058434950362,Sector: Mining
South Africa,1981,5.360791059640448,1385.2375139078777,Sector: Manufacturing
South Africa,1981,5.360791059640448,45.21449739817481,Sector: Utilities
South Africa,1981,5.360791059640448,402.39940435879953,Sector: Construction
South Africa,1981,5.360791059640448,1343.8200540132375,Sector: Trade services
South Africa,1981,5.360791059640448,359.1988092083932,Sector: Transport services
South Africa,1981,5.360791059640448,306.63893430414186,Sector: Finance and business services
South Africa,1981,5.360791059640448,1309.5606766977703,Sector: Other services
South Africa,1983,-1.8465577459506333,6898.32275390625,Sector: Total
South Africa,1983,-1.8465577459506333,961.245301940123,Sector: Agriculture
South Africa,1983,-1.8465577459506333,448.47045717579465,Sector: Mining
South Africa,1983,-1.8465577459506333,1416.758834701637,Sector: Manufacturing
South Africa,1983,-1.8465577459506333,52.69359708028353,Sector: Utilities
South Africa,1983,-1.8465577459506333,459.7490130731391,Sector: Construction
South Africa,1983,-1.8465577459506333,1412.4100769200095,Sector: Trade services
South Africa,1983,-1.8465577459506333,372.1864218104808,Sector: Transport services
South Africa,1983,-1.8465577459506333,357.6182341900504,Sector: Finance and business services
South Africa,1983,-1.8465577459506333,1417.1906077137523,Sector: Other services
South Africa,1982,-0.3834191083754348,6727.025390625,Sector: Total
South Africa,1982,-0.3834191083754348,945.2668895096282,Sector: Agriculture
South Africa,1982,-0.3834191083754348,450.2458435683173,Sector: Mining
South Africa,1982,-0.3834191083754348,1415.643514003367,Sector: Manufacturing
South Africa,1982,-0.3834191083754348,48.46598069357974,Sector: Utilities
South Africa,1982,-0.3834191083754348,442.1338323373787,Sector: Construction
South Africa,1982,-0.3834191083754348,1377.0117592089423,Sector: Trade services
South Africa,1982,-0.3834191083754348,366.5049249199538,Sector: Transport services
South Africa,1982,-0.3834191083754348,329.0690758583811,Sector: Finance and business services
South Africa,1982,-0.3834191083754348,1352.6833731569957,Sector: Other services
South Africa,1966,4.438386089468892,5157.68408203125,Sector: Total
South Africa,1966,4.438386089468892,1259.3349951858204,Sector: Agriculture
South Africa,1966,4.438386089468892,403.8705167811873,Sector: Mining
South Africa,1966,4.438386089468892,870.5381152265808,Sector: Manufacturing
South Africa,1966,4.438386089468892,23.38754947965197,Sector: Utilities
South Africa,1966,4.438386089468892,296.5190290317609,Sector: Construction
South Africa,1966,4.438386089468892,948.6326688851566,Sector: Trade services
South Africa,1966,4.438386089468892,245.3271812875017,Sector: Transport services
South Africa,1966,4.438386089468892,175.32253850244405,Sector: Finance and business services
South Africa,1966,4.438386089468892,934.75150307997,Sector: Other services
South Africa,1974,6.111122103721883,5894.05029296875,Sector: Total
South Africa,1974,6.111122103721883,1088.4364460506397,Sector: Agriculture
South Africa,1974,6.111122103721883,387.58377946619606,Sector: Mining
South Africa,1974,6.111122103721883,1084.1577196858718,Sector: Manufacturing
South Africa,1974,6.111122103721883,32.64671404671043,Sector: Utilities
South Africa,1974,6.111122103721883,478.15246963537777,Sector: Construction
South Africa,1974,6.111122103721883,1181.3275135779663,Sector: Trade services
South Africa,1974,6.111122103721883,310.5224530913422,Sector: Transport services
South Africa,1974,6.111122103721883,234.96215488273225,Sector: Finance and business services
South Africa,1974,6.111122103721883,1096.2611897976142,Sector: Other services
South Africa,1972,1.6548297088469894,5768.84130859375,Sector: Total
South Africa,1972,1.6548297088469894,1118.6742026240452,Sector: Agriculture
South Africa,1972,1.6548297088469894,392.5245668044325,Sector: Mining
South Africa,1972,1.6548297088469894,1038.2174592516262,Sector: Manufacturing
South Africa,1972,1.6548297088469894,31.143238968002752,Sector: Utilities
South Africa,1972,1.6548297088469894,390.2485135926301,Sector: Construction
South Africa,1972,1.6548297088469894,1176.3153121542637,Sector: Trade services
South Africa,1972,1.6548297088469894,301.1229473051946,Sector: Transport services
South Africa,1972,1.6548297088469894,228.7514508108626,Sector: Finance and business services
South Africa,1972,1.6548297088469894,1091.8437147158518,Sector: Other services
South Africa,1971,4.278934402969824,5701.13818359375,Sector: Total
South Africa,1971,4.278934402969824,1129.9241348987273,Sector: Agriculture
South Africa,1971,4.278934402969824,402.25025904301066,Sector: Mining
South Africa,1971,4.278934402969824,1014.01375660268,Sector: Manufacturing
South Africa,1971,4.278934402969824,30.251490772124185,Sector: Utilities
South Africa,1971,4.278934402969824,383.54081894170895,Sector: Construction
South Africa,1971,4.278934402969824,1141.3029355012309,Sector: Trade services
South Africa,1971,4.278934402969824,298.4160876357748,Sector: Transport services
South Africa,1971,4.278934402969824,216.53382362463617,Sector: Finance and business services
South Africa,1971,4.278934402969824,1084.904664005967,Sector: Other services
South Africa,1967,7.196523065141065,5273.88818359375,Sector: Total
South Africa,1967,7.196523065141065,1228.4156361668342,Sector: Agriculture
South Africa,1967,7.196523065141065,396.3478700315516,Sector: Mining
South Africa,1967,7.196523065141065,902.9974389017644,Sector: Manufacturing
South Africa,1967,7.196523065141065,24.0180168028734,Sector: Utilities
South Africa,1967,7.196523065141065,329.8127330266698,Sector: Construction
South Africa,1967,7.196523065141065,979.8600231290092,Sector: Trade services
South Africa,1967,7.196523065141065,253.9513683171301,Sector: Transport services
South Africa,1967,7.196523065141065,184.1354952994478,Sector: Finance and business services
South Africa,1967,7.196523065141065,974.3498436481852,Sector: Other services
South Africa,1964,7.939608644806768,4930.19775390625,Sector: Total
South Africa,1964,7.939608644806768,1319.691574491004,Sector: Agriculture
South Africa,1964,7.939608644806768,399.99459946236095,Sector: Mining
South Africa,1964,7.939608644806768,779.0277139144246,Sector: Manufacturing
South Africa,1964,7.939608644806768,20.67919445395677,Sector: Utilities
South Africa,1964,7.939608644806768,263.57357500681394,Sector: Construction
South Africa,1964,7.939608644806768,894.0937521449333,Sector: Trade services
South Africa,1964,7.939608644806768,222.1013984839124,Sector: Transport services
South Africa,1964,7.939608644806768,158.6646218766137,Sector: Finance and business services
South Africa,1964,7.939608644806768,872.3711271947464,Sector: Other services
South Africa,1965,6.122798096014421,5064.76123046875,Sector: Total
South Africa,1965,6.122798096014421,1289.4392248081958,Sector: Agriculture
South Africa,1965,6.122798096014421,401.7970466842861,Sector: Mining
South Africa,1965,6.122798096014421,850.2838291711755,Sector: Manufacturing
South Africa,1965,6.122798096014421,21.60922286455478,Sector: Utilities
South Africa,1965,6.122798096014421,278.73761462765015,Sector: Construction
South Africa,1965,6.122798096014421,920.9595595238056,Sector: Trade services
South Africa,1965,6.122798096014421,233.04077235218767,Sector: Transport services
South Africa,1965,6.122798096014421,166.78574124183953,Sector: Finance and business services
South Africa,1965,6.122798096014421,902.1083583508064,Sector: Other services
South Africa,2014,1.4138264522379274,15415.9423828125,Sector: Total
South Africa,2014,1.4138264522379274,716.767,Sector: Agriculture
South Africa,2014,1.4138264522379274,431.21,Sector: Mining
South Africa,2014,1.4138264522379274,1793.135,Sector: Manufacturing
South Africa,2014,1.4138264522379274,118.438,Sector: Utilities
South Africa,2014,1.4138264522379274,1267.911,Sector: Construction
South Africa,2014,1.4138264522379274,3263.975830078125,Sector: Trade services
South Africa,2014,1.4138264522379274,947.216,Sector: Transport services
South Africa,2014,1.4138264522379274,2072.48291015625,Sector: Finance and business services
South Africa,2014,1.4138264522379274,4804.80712890625,Sector: Other services
South Africa,2008,3.1910438863287998,15076.0537109375,Sector: Total
South Africa,2008,3.1910438863287998,852.899,Sector: Agriculture
South Africa,2008,3.1910438863287998,361.973,Sector: Mining
South Africa,2008,3.1910438863287998,2159.708,Sector: Manufacturing
South Africa,2008,3.1910438863287998,106.162,Sector: Utilities
South Africa,2008,3.1910438863287998,1257.695,Sector: Construction
South Africa,2008,3.1910438863287998,3430.06591796875,Sector: Trade services
South Africa,2008,3.1910438863287998,849.654,Sector: Transport services
South Africa,2008,3.1910438863287998,1843.1939697265625,Sector: Finance and business services
South Africa,2008,3.1910438863287998,4214.703125,Sector: Other services
South Africa,2006,5.603806458958886,13442.654296875,Sector: Total
South Africa,2006,5.603806458958886,911.276,Sector: Agriculture
South Africa,2006,5.603806458958886,488.537,Sector: Mining
South Africa,2006,5.603806458958886,2098.009,Sector: Manufacturing
South Africa,2006,5.603806458958886,134.467,Sector: Utilities
South Africa,2006,5.603806458958886,1107.567,Sector: Construction
South Africa,2006,5.603806458958886,3682.74609375,Sector: Trade services
South Africa,2006,5.603806458958886,706.831,Sector: Transport services
South Africa,2006,5.603806458958886,1524.2120361328125,Sector: Finance and business services
South Africa,2006,5.603806458958886,2789.009033203125,Sector: Other services
South Africa,2010,3.039732881279562,14150.99609375,Sector: Total
South Africa,2010,3.039732881279562,687.11,Sector: Agriculture
South Africa,2010,3.039732881279562,334.165,Sector: Mining
South Africa,2010,3.039732881279562,1888.784,Sector: Manufacturing
South Africa,2010,3.039732881279562,96.42,Sector: Utilities
South Africa,2010,3.039732881279562,1133.905,Sector: Construction
South Africa,2010,3.039732881279562,3158.4970703125,Sector: Trade services
South Africa,2010,3.039732881279562,835.362,Sector: Transport services
South Africa,2010,3.039732881279562,1796.97705078125,Sector: Finance and business services
South Africa,2010,3.039732881279562,4219.77587890625,Sector: Other services
South Africa,2002,3.700374404066679,11784.876953125,Sector: Total
South Africa,2002,3.700374404066679,1287.7,Sector: Agriculture
South Africa,2002,3.700374404066679,657.364,Sector: Mining
South Africa,2002,3.700374404066679,1925.98,Sector: Manufacturing
South Africa,2002,3.700374404066679,98.972,Sector: Utilities
South Africa,2002,3.700374404066679,683.247,Sector: Construction
South Africa,2002,3.700374404066679,2709.195068359375,Sector: Trade services
South Africa,2002,3.700374404066679,682.476,Sector: Transport services
South Africa,2002,3.700374404066679,1272.219970703125,Sector: Finance and business services
South Africa,2002,3.700374404066679,2467.722900390625,Sector: Other services
South Africa,2005,5.277051972954666,12859.3564453125,Sector: Total
South Africa,2005,5.277051972954666,905.652,Sector: Agriculture
South Africa,2005,5.277051972954666,497.354,Sector: Mining
South Africa,2005,5.277051972954666,2011.092,Sector: Manufacturing
South Africa,2005,5.277051972954666,129.222,Sector: Utilities
South Africa,2005,5.277051972954666,1027.829,Sector: Construction
South Africa,2005,5.277051972954666,3366.2099609375,Sector: Trade services
South Africa,2005,5.277051972954666,727.207,Sector: Transport services
South Africa,2005,5.277051972954666,1459.1109619140625,Sector: Finance and business services
South Africa,2005,5.277051972954666,2735.67919921875,Sector: Other services
South Africa,2001,2.70000000019104,12022.0302734375,Sector: Total
South Africa,2001,2.70000000019104,1168.987,Sector: Agriculture
South Africa,2001,2.70000000019104,644.276,Sector: Mining
South Africa,2001,2.70000000019104,1876.508,Sector: Manufacturing
South Africa,2001,2.70000000019104,111.482,Sector: Utilities
South Africa,2001,2.70000000019104,721.997,Sector: Construction
South Africa,2001,2.70000000019104,3221.715087890625,Sector: Trade services
South Africa,2001,2.70000000019104,655.334,Sector: Transport services
South Africa,2001,2.70000000019104,1195.404052734375,Sector: Finance and business services
South Africa,2001,2.70000000019104,2426.326904296875,Sector: Other services
South Africa,1997,2.6000000014634708,11037.64453125,Sector: Total
South Africa,1997,2.6000000014634708,1134.25,Sector: Agriculture
South Africa,1997,2.6000000014634708,582.482,Sector: Mining
South Africa,1997,2.6000000014634708,1710.322,Sector: Manufacturing
South Africa,1997,2.6000000014634708,96.235,Sector: Utilities
South Africa,1997,2.6000000014634708,665.567,Sector: Construction
South Africa,1997,2.6000000014634708,2654.225830078125,Sector: Trade services
South Africa,1997,2.6000000014634708,611.399,Sector: Transport services
South Africa,1997,2.6000000014634708,937.5759887695312,Sector: Finance and business services
South Africa,1997,2.6000000014634708,2645.587890625,Sector: Other services
South Africa,1992,-2.1370328450052085,9618.4921875,Sector: Total
South Africa,1992,-2.1370328450052085,1046.692752369038,Sector: Agriculture
South Africa,1992,-2.1370328450052085,559.7771134387514,Sector: Mining
South Africa,1992,-2.1370328450052085,1599.0159630871142,Sector: Manufacturing
South Africa,1992,-2.1370328450052085,76.01128927732444,Sector: Utilities
South Africa,1992,-2.1370328450052085,529.012068248144,Sector: Construction
South Africa,1992,-2.1370328450052085,2283.8368565235737,Sector: Trade services
South Africa,1992,-2.1370328450052085,520.7106803455024,Sector: Transport services
South Africa,1992,-2.1370328450052085,711.1772142394093,Sector: Finance and business services
South Africa,1992,-2.1370328450052085,2292.258390833434,Sector: Other services
South Africa,1994,3.20000000297172,10128.8056640625,Sector: Total
South Africa,1994,3.20000000297172,1080.562,Sector: Agriculture
South Africa,1994,3.20000000297172,541.407,Sector: Mining
South Africa,1994,3.20000000297172,1624.561,Sector: Manufacturing
South Africa,1994,3.20000000297172,83.451,Sector: Utilities
South Africa,1994,3.20000000297172,603.235,Sector: Construction
South Africa,1994,3.20000000297172,2411.8759765625,Sector: Trade services
South Africa,1994,3.20000000297172,557.14,Sector: Transport services
South Africa,1994,3.20000000297172,810.2109985351562,Sector: Finance and business services
South Africa,1994,3.20000000297172,2416.363037109375,Sector: Other services
South Africa,1996,4.299999997267918,10746.9990234375,Sector: Total
South Africa,1996,4.299999997267918,1118.029,Sector: Agriculture
South Africa,1996,4.299999997267918,569.458,Sector: Mining
South Africa,1996,4.299999997267918,1683.381,Sector: Manufacturing
South Africa,1996,4.299999997267918,91.966,Sector: Utilities
South Africa,1996,4.299999997267918,645.441,Sector: Construction
South Africa,1996,4.299999997267918,2575.014892578125,Sector: Trade services
South Africa,1996,4.299999997267918,594.035,Sector: Transport services
South Africa,1996,4.299999997267918,897.375,Sector: Finance and business services
South Africa,1996,4.299999997267918,2572.299072265625,Sector: Other services
South Africa,1998,0.50000000034143,11356.6162109375,Sector: Total
South Africa,1998,0.50000000034143,1154.778,Sector: Agriculture
South Africa,1998,0.50000000034143,599.568,Sector: Mining
South Africa,1998,0.50000000034143,1742.317,Sector: Manufacturing
South Africa,1998,0.50000000034143,99.675,Sector: Utilities
South Africa,1998,0.50000000034143,684.984,Sector: Construction
South Africa,1998,0.50000000034143,2746.5361328125,Sector: Trade services
South Africa,1998,0.50000000034143,631.096,Sector: Transport services
South Africa,1998,0.50000000034143,971.56396484375,Sector: Finance and business services
South Africa,1998,0.50000000034143,2726.09814453125,Sector: Other services
South Africa,1995,3.1000000005441137,10478.5830078125,Sector: Total
South Africa,1995,3.1000000005441137,1103.426,Sector: Agriculture
South Africa,1995,3.1000000005441137,558.789,Sector: Mining
South Africa,1995,3.1000000005441137,1669.599,Sector: Manufacturing
South Africa,1995,3.1000000005441137,86.871,Sector: Utilities
South Africa,1995,3.1000000005441137,626.022,Sector: Construction
South Africa,1995,3.1000000005441137,2502.303955078125,Sector: Trade services
South Africa,1995,3.1000000005441137,577.397,Sector: Transport services
South Africa,1995,3.1000000005441137,852.6900024414062,Sector: Finance and business services
South Africa,1995,3.1000000005441137,2501.485107421875,Sector: Other services
South Africa,1993,1.233557938647408,9796.0908203125,Sector: Total
South Africa,1993,1.233557938647408,1056.703,Sector: Agriculture
South Africa,1993,1.233557938647408,524.596,Sector: Mining
South Africa,1993,1.233557938647408,1585.222,Sector: Manufacturing
South Africa,1993,1.233557938647408,79.455,Sector: Utilities
South Africa,1993,1.233557938647408,580.727,Sector: Construction
South Africa,1993,1.233557938647408,2325.506103515625,Sector: Trade services
South Africa,1993,1.233557938647408,537.911,Sector: Transport services
South Africa,1993,1.233557938647408,771.1119995117188,Sector: Finance and business services
South Africa,1993,1.233557938647408,2334.85888671875,Sector: Other services
South Africa,1988,4.2001096483818685,8198.5615234375,Sector: Total
South Africa,1988,4.2001096483818685,1013.2854766699616,Sector: Agriculture
South Africa,1988,4.2001096483818685,553.6528859288761,Sector: Mining
South Africa,1988,4.2001096483818685,1554.9817197252444,Sector: Manufacturing
South Africa,1988,4.2001096483818685,63.871586400081895,Sector: Utilities
South Africa,1988,4.2001096483818685,501.377004639745,Sector: Construction
South Africa,1988,4.2001096483818685,1802.207577750143,Sector: Trade services
South Africa,1988,4.2001096483818685,449.2941290444462,Sector: Transport services
South Africa,1988,4.2001096483818685,484.6781974431345,Sector: Finance and business services
South Africa,1988,4.2001096483818685,1775.213145376153,Sector: Other services
South Africa,1989,2.3947951153840563,8615.634765625,Sector: Total
South Africa,1989,2.3947951153840563,1020.884004499212,Sector: Agriculture
South Africa,1989,2.3947951153840563,581.8410740069211,Sector: Mining
South Africa,1989,2.3947951153840563,1575.1933203722788,Sector: Manufacturing
South Africa,1989,2.3947951153840563,65.46438648309137,Sector: Utilities
South Africa,1989,2.3947951153840563,512.7962809948599,Sector: Construction
South Africa,1989,2.3947951153840563,1966.249817987152,Sector: Trade services
South Africa,1989,2.3947951153840563,472.2672382559732,Sector: Transport services
South Africa,1989,2.3947951153840563,535.1883005304344,Sector: Finance and business services
South Africa,1989,2.3947951153840563,1885.750667381256,Sector: Other services
South Africa,1979,3.7905192640578207,6298.0869140625,Sector: Total
South Africa,1979,3.7905192640578207,950.6246453901648,Sector: Agriculture
South Africa,1979,3.7905192640578207,459.226043877118,Sector: Mining
South Africa,1979,3.7905192640578207,1268.7686434472223,Sector: Manufacturing
South Africa,1979,3.7905192640578207,43.34173229323804,Sector: Utilities
South Africa,1979,3.7905192640578207,310.9804771700112,Sector: Construction
South Africa,1979,3.7905192640578207,1334.6489538127005,Sector: Trade services
South Africa,1979,3.7905192640578207,334.964833755288,Sector: Transport services
South Africa,1979,3.7905192640578207,271.140634106224,Sector: Finance and business services
South Africa,1979,3.7905192640578207,1324.391026222904,Sector: Other services
South Africa,1978,3.014479779129232,6210.353515625,Sector: Total
South Africa,1978,3.014479779129232,985.1472515935552,Sector: Agriculture
South Africa,1978,3.014479779129232,436.5135279435482,Sector: Mining
South Africa,1978,3.014479779129232,1217.2713885047444,Sector: Manufacturing
South Africa,1978,3.014479779129232,42.554097905277374,Sector: Utilities
South Africa,1978,3.014479779129232,317.88458631429074,Sector: Construction
South Africa,1978,3.014479779129232,1303.9859303001465,Sector: Trade services
South Africa,1978,3.014479779129232,325.7447025401348,Sector: Transport services
South Africa,1978,3.014479779129232,258.2316850525454,Sector: Finance and business services
South Africa,1978,3.014479779129232,1323.0203676597048,Sector: Other services
South Africa,1986,0.0178492401652192,7341.61181640625,Sector: Total
South Africa,1986,0.0178492401652192,998.7592870979812,Sector: Agriculture
South Africa,1986,0.0178492401652192,514.9713524461404,Sector: Mining
South Africa,1986,0.0178492401652192,1433.6685934658751,Sector: Manufacturing
South Africa,1986,0.0178492401652192,59.77493918986013,Sector: Utilities
South Africa,1986,0.0178492401652192,476.57747862558256,Sector: Construction
South Africa,1986,0.0178492401652192,1509.7039982694128,Sector: Trade services
South Africa,1986,0.0178492401652192,398.6787402364697,Sector: Transport services
South Africa,1986,0.0178492401652192,402.55395600115486,Sector: Finance and business services
South Africa,1986,0.0178492401652192,1546.9235350752083,Sector: Other services
South Africa,1977,-0.0939791161255811,6119.21728515625,Sector: Total
South Africa,1977,-0.0939791161255811,1016.1469769507494,Sector: Agriculture
South Africa,1977,-0.0939791161255811,419.7902745754385,Sector: Mining
South Africa,1977,-0.0939791161255811,1175.5125045862787,Sector: Manufacturing
South Africa,1977,-0.0939791161255811,40.48747518217197,Sector: Utilities
South Africa,1977,-0.0939791161255811,362.9370820669054,Sector: Construction
South Africa,1977,-0.0939791161255811,1255.1503862565655,Sector: Trade services
South Africa,1977,-0.0939791161255811,321.2265717514629,Sector: Transport services
South Africa,1977,-0.0939791161255811,246.2201505477438,Sector: Finance and business services
South Africa,1977,-0.0939791161255811,1281.745659459123,Sector: Other services
South Africa,1975,1.6954337793109886,5972.54833984375,Sector: Total
South Africa,1975,1.6954337793109886,1067.9332315769889,Sector: Agriculture
South Africa,1975,1.6954337793109886,359.48303027981365,Sector: Mining
South Africa,1975,1.6954337793109886,1106.2206952998886,Sector: Manufacturing
South Africa,1975,1.6954337793109886,36.494804429530014,Sector: Utilities
South Africa,1975,1.6954337793109886,467.6712908502331,Sector: Construction
South Africa,1975,1.6954337793109886,1185.574155557564,Sector: Trade services
South Africa,1975,1.6954337793109886,313.0815374392224,Sector: Transport services
South Africa,1975,1.6954337793109886,235.37618629849007,Sector: Finance and business services
South Africa,1975,1.6954337793109886,1200.713361007177,Sector: Other services
South Africa,1984,5.099151630014774,7071.38427734375,Sector: Total
South Africa,1984,5.099151630014774,975.9360809388616,Sector: Agriculture
South Africa,1984,5.099151630014774,464.4081550185074,Sector: Mining
South Africa,1984,5.099151630014774,1437.7960452780833,Sector: Manufacturing
South Africa,1984,5.099151630014774,56.00239824792527,Sector: Utilities
South Africa,1984,5.099151630014774,474.4606927221513,Sector: Construction
South Africa,1984,5.099151630014774,1450.664693949249,Sector: Trade services
South Africa,1984,5.099151630014774,381.857397524628,Sector: Transport services
South Africa,1984,5.099151630014774,378.8546613880961,Sector: Finance and business services
South Africa,1984,5.099151630014774,1451.404023512183,Sector: Other services
South Africa,1976,2.2498603291933392,6044.5634765625,Sector: Total
South Africa,1976,2.2498603291933392,1044.1774214905706,Sector: Agriculture
South Africa,1976,2.2498603291933392,379.6205462322784,Sector: Mining
South Africa,1976,2.2498603291933392,1152.3517846186153,Sector: Manufacturing
South Africa,1976,2.2498603291933392,38.07398206097473,Sector: Utilities
South Africa,1976,2.2498603291933392,436.4818372701368,Sector: Construction
South Africa,1976,2.2498603291933392,1207.759895342015,Sector: Trade services
South Africa,1976,2.2498603291933392,318.10134979205674,Sector: Transport services
South Africa,1976,2.2498603291933392,239.69629935688224,Sector: Finance and business services
South Africa,1976,2.2498603291933392,1228.3002496674603,Sector: Other services
South Africa,1963,7.373709248772229,4795.13720703125,Sector: Total
South Africa,1963,7.373709248772229,1349.5040461618305,Sector: Agriculture
South Africa,1963,7.373709248772229,392.05307519464907,Sector: Mining
South Africa,1963,7.373709248772229,716.1968254311768,Sector: Manufacturing
South Africa,1963,7.373709248772229,19.789191282865428,Sector: Utilities
South Africa,1963,7.373709248772229,233.72604800052576,Sector: Construction
South Africa,1963,7.373709248772229,868.0116335042666,Sector: Trade services
South Africa,1963,7.373709248772229,211.97442767337915,Sector: Transport services
South Africa,1963,7.373709248772229,150.93892371809835,Sector: Finance and business services
South Africa,1963,7.373709248772229,852.943137623734,Sector: Other services
South Africa,1973,4.571944746372708,5819.443359375,Sector: Total
South Africa,1973,4.571944746372708,1104.867453345595,Sector: Agriculture
South Africa,1973,4.571944746372708,407.719524027321,Sector: Mining
South Africa,1973,4.571944746372708,1043.6837024294568,Sector: Manufacturing
South Africa,1973,4.571944746372708,31.84859600015711,Sector: Utilities
South Africa,1973,4.571944746372708,431.4436783985933,Sector: Construction
South Africa,1973,4.571944746372708,1171.235238782541,Sector: Trade services
South Africa,1973,4.571944746372708,305.9961883722433,Sector: Transport services
South Africa,1973,4.571944746372708,230.297861059162,Sector: Finance and business services
South Africa,1973,4.571944746372708,1092.3510282226073,Sector: Other services
South Africa,1968,4.153372982933462,5390.9541015625,Sector: Total
South Africa,1968,4.153372982933462,1198.239900308388,Sector: Agriculture
South Africa,1968,4.153372982933462,406.8075213116104,Sector: Mining
South Africa,1968,4.153372982933462,913.603029160827,Sector: Manufacturing
South Africa,1968,4.153372982933462,26.8594845709828,Sector: Utilities
South Africa,1968,4.153372982933462,338.04502501627184,Sector: Construction
South Africa,1968,4.153372982933462,1023.6355586067936,Sector: Trade services
South Africa,1968,4.153372982933462,270.190680145493,Sector: Transport services
South Africa,1968,4.153372982933462,190.92276659853144,Sector: Finance and business services
South Africa,1968,4.153372982933462,1022.650199160548,Sector: Other services
South Africa,1969,4.715902867222411,5494.1884765625,Sector: Total
South Africa,1969,4.715902867222411,1168.321420121404,Sector: Agriculture
South Africa,1969,4.715902867222411,401.1481898054665,Sector: Mining
South Africa,1969,4.715902867222411,955.0213265646032,Sector: Manufacturing
South Africa,1969,4.715902867222411,27.607345903664115,Sector: Utilities
South Africa,1969,4.715902867222411,355.99234585710246,Sector: Construction
South Africa,1969,4.715902867222411,1065.1550615006004,Sector: Trade services
South Africa,1969,4.715902867222411,286.9250914758966,Sector: Transport services
South Africa,1969,4.715902867222411,199.47940477012204,Sector: Finance and business services
South Africa,1969,4.715902867222411,1034.538046475699,Sector: Other services
South Africa,1970,5.248661431182924,5632.7451171875,Sector: Total
South Africa,1970,5.248661431182924,1138.6828149254557,Sector: Agriculture
South Africa,1970,5.248661431182924,417.5161096086651,Sector: Mining
South Africa,1970,5.248661431182924,1002.7261563454472,Sector: Manufacturing
South Africa,1970,5.248661431182924,29.329779937737783,Sector: Utilities
South Africa,1970,5.248661431182924,368.168911720443,Sector: Construction
South Africa,1970,5.248661431182924,1095.4323375063022,Sector: Trade services
South Africa,1970,5.248661431182924,296.6227700274322,Sector: Transport services
South Africa,1970,5.248661431182924,207.502067980245,Sector: Finance and business services
South Africa,1970,5.248661431182924,1076.7640592351354,Sector: Other services
South Africa,1962,6.177930850427458,4716.89697265625,Sector: Total
South Africa,1962,6.177930850427458,1379.366655587103,Sector: Agriculture
South Africa,1962,6.177930850427458,388.67446657215305,Sector: Mining
South Africa,1962,6.177930850427458,682.6332410024692,Sector: Manufacturing
South Africa,1962,6.177930850427458,18.26115301008832,Sector: Utilities
South Africa,1962,6.177930850427458,224.4272326117706,Sector: Construction
South Africa,1962,6.177930850427458,842.6903645622627,Sector: Trade services
South Africa,1962,6.177930850427458,198.83252457850529,Sector: Transport services
South Africa,1962,6.177930850427458,143.58942120627682,Sector: Finance and business services
South Africa,1962,6.177930850427458,838.4219568383031,Sector: Other services
South Africa,1961,3.8447341417408873,4653.67724609375,Sector: Total
South Africa,1961,3.8447341417408873,1409.829562991286,Sector: Agriculture
South Africa,1961,3.8447341417408873,396.0186550666069,Sector: Mining
South Africa,1961,3.8447341417408873,653.8920316169241,Sector: Manufacturing
South Africa,1961,3.8447341417408873,17.798834023718744,Sector: Utilities
South Africa,1961,3.8447341417408873,221.5399672482336,Sector: Construction
South Africa,1961,3.8447341417408873,818.1077514499877,Sector: Trade services
South Africa,1961,3.8447341417408873,189.0553395326812,Sector: Transport services
South Africa,1961,3.8447341417408873,136.59777022981828,Sector: Finance and business services
South Africa,1961,3.8447341417408873,810.8371125287905,Sector: Other services
